<?xml version="1.0" encoding="UTF-8" standalone="yes"?>
<serverConfig>
    <server>
        <serverIP>172.17.73.26</serverIP>
        <serverName>IN-PN1X07P15004.majesco.com</serverName>
        <serverPort>9090</serverPort>
    </server>
    <server>
        <serverIP>172.17.73.31</serverIP>
        <serverName>IN-PN1X07P15005.majesco.com</serverName>
        <serverPort>9090</serverPort>
    </server>
    <server>
        <serverIP>172.17.73.34</serverIP>
        <serverName>IN-PN1X07P13003.majesco.com</serverName>
        <serverPort>9090</serverPort>
    </server>
    <server>
        <serverIP>172.17.73.32</serverIP>
        <serverName>IN-PN1X07P15006.majesco.com</serverName>
        <serverPort>9090</serverPort>
    </server>
    <server>
        <serverIP>172.17.73.25</serverIP>
        <serverName>IN-PN1X07P15003.majesco.com</serverName>
        <serverPort>9090</serverPort>
    </server>
    <server>
        <serverIP>172.17.73.35</serverIP>
        <serverName>IN-PN1X07P13010.majesco.com</serverName>
        <serverPort>9090</serverPort>
    </server>
</serverConfig>